{"cameraMode":{"drawMode":0,"name":"Shaded","section":"Shading Mode"},"sceneLighting":false,"audioPlay":false,"sceneViewState":{"m_AlwaysRefresh":false,"showFog":true,"showSkybox":false,"showFlares":true,"showImageEffects":true,"showParticleSystems":true,"showVisualEffectGraphs":true,"m_FxEnabled":true},"in2DMode":false,"pivot":{"x":-6.945312976837158,"y":8.045703887939454,"z":-8.057095527648926},"rotation":{"x":0.7269294261932373,"y":0.007209872826933861,"z":-0.007633051835000515,"w":0.6866315603256226},"size":2.0886058807373049,"orthographic":false}